rank,gid,role,priority_score,why
1,100000000331309100,distributor,0.5458,"наблюдаемый поток: 23 986 010 KZT; сила роли «распределение»: 0,80; посредничество: 0,005"
2,100000003404627100,consolidator,0.5066,"сила роли «консолидация»: 0,85; наблюдаемый поток: 877 700 KZT; достижим от 11 seed"
3,100000002605308100,consolidator,0.5055,"сила роли «консолидация»: 0,85; наблюдаемый поток: 2 569 522 KZT; достижим от 11 seed"
4,100000004015047100,consolidator,0.4996,"сила роли «консолидация»: 0,72; наблюдаемый поток: 988 299 KZT; достижим от 11 seed"
5,100000008324800100,transit,0.4837,"сила роли «транзит»: 0,97; наблюдаемый поток: 1 037 500 KZT; достижим от 7 seed"
6,100000001072022100,consolidator,0.4807,"сила роли «консолидация»: 0,83; наблюдаемый поток: 1 684 000 KZT; достижим от 10 seed"
7,100000001282143100,consolidator,0.4762,"сила роли «консолидация»: 0,83; наблюдаемый поток: 1 700 000 KZT; достижим от 10 seed"
8,100000000706545100,consolidator,0.4747,"наблюдаемый поток: 1 146 100 KZT; сила роли «консолидация»: 0,65; PageRank: 0,003"
9,100000002718366100,consolidator,0.4744,"сила роли «консолидация»: 0,82; наблюдаемый поток: 2 525 000 KZT; достижим от 9 seed"
10,100000008603629100,distributor,0.4742,"наблюдаемый поток: 6 803 456 KZT; посредничество: 0,006; сила роли «распределение»: 0,42"
11,100000002838861100,consolidator,0.4741,"сила роли «консолидация»: 0,77; наблюдаемый поток: 564 524 KZT; достижим от 8 seed"
12,100000008304139100,coordinator,0.474,"сила роли «координация»: 0,78; наблюдаемый поток: 1 882 327 KZT; достижим от 7 seed"
13,100000002894076100,consolidator,0.4726,"сила роли «консолидация»: 0,83; наблюдаемый поток: 1 122 782 KZT; достижим от 10 seed"
14,100000004400305100,distributor,0.468,"наблюдаемый поток: 6 052 981 KZT; сила роли «распределение»: 0,72; достижим от 7 seed"
15,100000000661912100,transit,0.4659,"сила роли «транзит»: 0,85; наблюдаемый поток: 823 736 KZT; достижим от 7 seed"
16,100000002173161100,consolidator,0.4654,"сила роли «консолидация»: 0,82; наблюдаемый поток: 1 427 500 KZT; достижим от 9 seed"
17,100000002939838100,consolidator,0.4633,"сила роли «консолидация»: 0,83; наблюдаемый поток: 571 233 KZT; достижим от 10 seed"
18,100000001303311100,consolidator,0.4626,"сила роли «консолидация»: 0,82; наблюдаемый поток: 1 324 000 KZT; достижим от 9 seed"
19,100000003299365100,transit,0.4617,"сила роли «транзит»: 1,00; наблюдаемый поток: 400 000 KZT; достижим от 10 seed"
20,100000005933757100,distributor,0.4609,"наблюдаемый поток: 4 248 628 KZT; сила роли «распределение»: 0,55; достижим от 7 seed"
21,100000003635170100,transit,0.4592,"сила роли «транзит»: 0,94; наблюдаемый поток: 522 000 KZT; достижим от 8 seed"
22,100000008346837100,distributor,0.4566,"наблюдаемый поток: 1 513 002 KZT; посредничество: 0,009; достижим от 7 seed"
23,100000004070318100,coordinator,0.4554,"сила роли «координация»: 0,73; наблюдаемый поток: 759 107 KZT; достижим от 7 seed"
24,100000007229557100,consolidator,0.4552,"сила роли «консолидация»: 0,82; наблюдаемый поток: 878 000 KZT; достижим от 9 seed"
25,100000002956769100,consolidator,0.4545,"сила роли «консолидация»: 0,82; наблюдаемый поток: 840 000 KZT; достижим от 9 seed"
26,100000002883402100,consolidator,0.454,"сила роли «консолидация»: 0,83; наблюдаемый поток: 300 000 KZT; достижим от 10 seed"
27,100000005778283100,consolidator,0.4536,"сила роли «консолидация»: 0,82; наблюдаемый поток: 615 760 KZT; достижим от 9 seed"
28,100000002793881100,consolidator,0.4535,"сила роли «консолидация»: 0,82; наблюдаемый поток: 785 600 KZT; достижим от 9 seed"
29,100000004351795100,coordinator,0.4516,"наблюдаемый поток: 1 833 494 KZT; сила роли «координация»: 0,65; достижим от 7 seed"
30,100000001875239100,consolidator,0.4513,"сила роли «консолидация»: 0,82; наблюдаемый поток: 712 000 KZT; достижим от 9 seed"
31,100000001253557100,consolidator,0.451,"сила роли «консолидация»: 0,83; наблюдаемый поток: 210 200 KZT; достижим от 10 seed"
32,100000002547110100,consolidator,0.4509,"сила роли «консолидация»: 0,80; наблюдаемый поток: 1 500 000 KZT; достижим от 8 seed"
33,100000005367445100,transit,0.4496,"сила роли «транзит»: 1,00; наблюдаемый поток: 10 000 KZT; достижим от 9 seed"
34,100000002369874100,consolidator,0.4494,"сила роли «консолидация»: 0,82; наблюдаемый поток: 600 000 KZT; достижим от 9 seed"
35,100000002945626100,consolidator,0.4491,"сила роли «консолидация»: 0,82; наблюдаемый поток: 584 000 KZT; достижим от 9 seed"
36,100000003157679100,consolidator,0.449,"сила роли «консолидация»: 0,82; наблюдаемый поток: 541 000 KZT; достижим от 9 seed"
37,100000002398779100,consolidator,0.4488,"сила роли «консолидация»: 0,69; наблюдаемый поток: 1 161 690 KZT; достижим от 8 seed"
38,100000002443664100,consolidator,0.4486,"сила роли «консолидация»: 0,82; наблюдаемый поток: 556 880 KZT; достижим от 9 seed"
39,100000003115284100,consolidator,0.4484,"наблюдаемый поток: 2 677 500 KZT; сила роли «консолидация»: 0,52; достижим от 11 seed"
40,100000000201868100,transit,0.4482,"сила роли «транзит»: 1,00; наблюдаемый поток: 380 000 KZT; достижим от 7 seed"
41,100000008144528100,consolidator,0.447,"сила роли «консолидация»: 0,78; наблюдаемый поток: 1 068 203 KZT; достижим от 7 seed"
42,100000006518161100,transit,0.4468,"сила роли «транзит»: 0,94; наблюдаемый поток: 1 190 099 KZT; достижим от 7 seed"
43,100000003134934100,consolidator,0.4455,"сила роли «консолидация»: 0,82; наблюдаемый поток: 379 354 KZT; достижим от 9 seed"
44,100000002957787100,distributor,0.4454,"наблюдаемый поток: 1 361 110 KZT; сила роли «распределение»: 0,55; посредничество: 0,004"
45,100000004820260100,transit,0.4447,"сила роли «транзит»: 0,92; наблюдаемый поток: 449 550 KZT; достижим от 7 seed"
46,100000003158727100,consolidator,0.4443,"сила роли «консолидация»: 0,82; наблюдаемый поток: 367 940 KZT; достижим от 9 seed"
47,100000002679516100,consolidator,0.4433,"сила роли «консолидация»: 0,83; наблюдаемый поток: 102 335 KZT; достижим от 10 seed"
48,100000008561016100,transit,0.4431,"сила роли «транзит»: 0,97; наблюдаемый поток: 365 000 KZT; достижим от 9 seed"
49,100000008723830100,transit,0.4419,"сила роли «транзит»: 0,99; наблюдаемый поток: 914 785 KZT; достижим от 7 seed"
50,100000003265158100,transit,0.4412,"сила роли «транзит»: 0,94; наблюдаемый поток: 300 300 KZT; достижим от 9 seed"
